time,username,event,detail
2026-05-20T19:00:03Z,Dani ❤️,like,+15 (stream total 15)
2026-05-20T19:00:11Z,Georgi V.,join,
2026-05-20T19:00:16Z,Team Captain 🛡️,like,+3 (stream total 18)
2026-05-20T19:00:23Z,Elena M. 💫,follow,
2026-05-20T19:00:24Z,Loyal Regular,join,
2026-05-20T19:00:29Z,Ivan 💎,like,+3 (stream total 21)
2026-05-20T19:00:31Z,Georgi V.,like,+15 (stream total 36)
2026-05-20T19:00:32Z,Dani ❤️,like,+15 (stream total 51)
2026-05-20T19:00:37Z,Nina P. 🌸,join,
2026-05-20T19:00:41Z,🎨 MIA 🎨,share,
2026-05-20T19:00:46Z,Stefan K.,like,+7 (stream total 58)
2026-05-20T19:00:51Z,Stefan K.,like,+7 (stream total 65)
2026-05-20T19:00:59Z,🎨 MIA 🎨,like,+7 (stream total 72)
2026-05-20T19:01:05Z,stream,viewers,169
2026-05-20T19:01:06Z,Dani ❤️,like,+15 (stream total 87)
2026-05-20T19:01:10Z,Stefan K.,like,+15 (stream total 102)
2026-05-20T19:01:12Z,Sunny Mod ☀️,join,
2026-05-20T19:01:19Z,Dani ❤️,join,
2026-05-20T19:01:26Z,Elena M. 💫,envelope,
2026-05-20T19:01:30Z,Dark Wolf 🐺,envelope,
2026-05-20T19:01:34Z,stream,viewers,180
2026-05-20T19:01:37Z,Dark Wolf 🐺,like,+1 (stream total 103)
2026-05-20T19:01:40Z,Sunny Mod ☀️,like,+15 (stream total 118)
2026-05-20T19:01:45Z,Nina P. 🌸,like,+1 (stream total 119)
2026-05-20T19:01:52Z,stream,viewers,177
2026-05-20T19:01:56Z,Nina P. 🌸,join,
2026-05-20T19:02:04Z,Elena M. 💫,like,+15 (stream total 134)
2026-05-20T19:02:05Z,Dark Wolf 🐺,like,+15 (stream total 149)
2026-05-20T19:02:11Z,Rositsa 💎,like,+7 (stream total 156)
2026-05-20T19:02:15Z,Nina P. 🌸,like,+7 (stream total 163)
2026-05-20T19:02:22Z,Elena M. 💫,like,+15 (stream total 178)
2026-05-20T19:02:26Z,Loyal Regular,like,+1 (stream total 179)
2026-05-20T19:02:28Z,Georgi V.,like,+3 (stream total 182)
2026-05-20T19:02:35Z,Kris,join,
2026-05-20T19:02:36Z,Sunny Mod ☀️,like,+3 (stream total 185)
2026-05-20T19:02:38Z,Dani ❤️,join,
2026-05-20T19:02:41Z,Team Captain 🛡️,join,
2026-05-20T19:02:48Z,Team Captain 🛡️,join,
2026-05-20T19:02:56Z,Team Captain 🛡️,like,+15 (stream total 200)
2026-05-20T19:02:59Z,Ivan 💎,like,+15 (stream total 215)
2026-05-20T19:03:06Z,Loyal Regular,join,
2026-05-20T19:03:09Z,Loyal Regular,follow,
2026-05-20T19:03:10Z,stream,viewers,190
2026-05-20T19:03:14Z,Nina P. 🌸,like,+3 (stream total 218)
2026-05-20T19:03:20Z,Kris,share,
2026-05-20T19:03:28Z,Sunny Mod ☀️,join,
2026-05-20T19:03:29Z,Sunny Mod ☀️,join,
2026-05-20T19:03:33Z,Nina P. 🌸,like,+15 (stream total 233)
2026-05-20T19:03:35Z,Dani ❤️,join,
2026-05-20T19:03:37Z,Georgi V.,join,
2026-05-20T19:03:45Z,Georgi V.,like,+7 (stream total 240)
2026-05-20T19:03:49Z,Stefan K.,join,
2026-05-20T19:03:53Z,Vili,join,
2026-05-20T19:04:01Z,stream,viewers,193
2026-05-20T19:04:06Z,Plamen R.,join,
2026-05-20T19:04:10Z,🎨 MIA 🎨,like,+7 (stream total 247)
2026-05-20T19:04:15Z,Team Captain 🛡️,join,
2026-05-20T19:04:20Z,🎨 MIA 🎨,join,
2026-05-20T19:04:21Z,Vili,like,+7 (stream total 254)
2026-05-20T19:04:23Z,Sunny Mod ☀️,join,
2026-05-20T19:04:31Z,Dani ❤️,like,+7 (stream total 261)
2026-05-20T19:04:39Z,Loyal Regular,like,+1 (stream total 262)
2026-05-20T19:04:43Z,Georgi V.,like,+15 (stream total 277)
2026-05-20T19:04:44Z,Georgi V.,like,+15 (stream total 292)
2026-05-20T19:04:52Z,Kris,envelope,
2026-05-20T19:04:56Z,Rositsa 💎,follow,
2026-05-20T19:05:00Z,Georgi V.,like,+3 (stream total 295)
2026-05-20T19:05:05Z,🎨 MIA 🎨,share,
2026-05-20T19:05:10Z,Team Captain 🛡️,follow,
2026-05-20T19:05:16Z,Rositsa 💎,like,+15 (stream total 310)
2026-05-20T19:05:23Z,Nina P. 🌸,like,+15 (stream total 325)
2026-05-20T19:05:31Z,Team Captain 🛡️,like,+3 (stream total 328)
2026-05-20T19:05:38Z,Dark Wolf 🐺,like,+1 (stream total 329)
2026-05-20T19:05:44Z,Loyal Regular,like,+7 (stream total 336)
2026-05-20T19:05:51Z,Rositsa 💎,like,+3 (stream total 339)
2026-05-20T19:05:52Z,Elena M. 💫,follow,
2026-05-20T19:05:57Z,Kris,like,+15 (stream total 354)
2026-05-20T19:05:59Z,Kris,like,+7 (stream total 361)
2026-05-20T19:06:00Z,Nina P. 🌸,like,+15 (stream total 376)
2026-05-20T19:06:05Z,🎨 MIA 🎨,join,
2026-05-20T19:06:09Z,Kris,envelope,
2026-05-20T19:06:15Z,Dark Wolf 🐺,like,+15 (stream total 391)
2026-05-20T19:06:16Z,stream,viewers,193
2026-05-20T19:06:20Z,Nina P. 🌸,join,
2026-05-20T19:06:27Z,Loyal Regular,like,+3 (stream total 394)
2026-05-20T19:06:32Z,Rositsa 💎,like,+15 (stream total 409)
2026-05-20T19:06:35Z,Kris,like,+7 (stream total 416)
2026-05-20T19:06:40Z,Team Captain 🛡️,like,+15 (stream total 431)
2026-05-20T19:06:45Z,Stefan K.,like,+7 (stream total 438)
2026-05-20T19:06:53Z,Kris,join,
2026-05-20T19:06:55Z,🎨 MIA 🎨,like,+1 (stream total 439)
2026-05-20T19:06:59Z,Loyal Regular,like,+15 (stream total 454)
2026-05-20T19:07:03Z,Dark Wolf 🐺,like,+15 (stream total 469)
2026-05-20T19:07:10Z,Stefan K.,like,+3 (stream total 472)
2026-05-20T19:07:12Z,Dani ❤️,like,+1 (stream total 473)
2026-05-20T19:07:18Z,Elena M. 💫,like,+15 (stream total 488)
2026-05-20T19:07:22Z,Team Captain 🛡️,follow,
2026-05-20T19:07:29Z,Team Captain 🛡️,like,+15 (stream total 503)
2026-05-20T19:07:33Z,Dark Wolf 🐺,like,+1 (stream total 504)
2026-05-20T19:07:41Z,Dark Wolf 🐺,like,+3 (stream total 507)
2026-05-20T19:07:45Z,Rositsa 💎,like,+3 (stream total 510)
2026-05-20T19:07:52Z,Vili,like,+15 (stream total 525)
2026-05-20T19:07:57Z,stream,viewers,181
2026-05-20T19:08:00Z,Team Captain 🛡️,like,+15 (stream total 540)
2026-05-20T19:08:08Z,Kris,like,+15 (stream total 555)
2026-05-20T19:08:16Z,Stefan K.,envelope,
2026-05-20T19:08:18Z,🎨 MIA 🎨,like,+15 (stream total 570)
2026-05-20T19:08:20Z,Team Captain 🛡️,share,
2026-05-20T19:08:28Z,Loyal Regular,like,+1 (stream total 571)
2026-05-20T19:08:29Z,Stefan K.,join,
2026-05-20T19:08:30Z,Elena M. 💫,join,
2026-05-20T19:08:33Z,Dani ❤️,join,
2026-05-20T19:08:40Z,Georgi V.,join,
2026-05-20T19:08:42Z,Dani ❤️,like,+15 (stream total 586)
2026-05-20T19:08:46Z,Stefan K.,like,+15 (stream total 601)
2026-05-20T19:08:47Z,Elena M. 💫,like,+15 (stream total 616)
2026-05-20T19:08:52Z,Sunny Mod ☀️,share,
2026-05-20T19:08:56Z,Stefan K.,like,+15 (stream total 631)
2026-05-20T19:09:00Z,Kris,like,+15 (stream total 646)
2026-05-20T19:09:05Z,Stefan K.,like,+15 (stream total 661)
2026-05-20T19:09:12Z,Stefan K.,like,+15 (stream total 676)
2026-05-20T19:09:19Z,Stefan K.,follow,
2026-05-20T19:09:27Z,Dark Wolf 🐺,like,+15 (stream total 691)
2026-05-20T19:09:34Z,Kris,like,+3 (stream total 694)
2026-05-20T19:09:35Z,Team Captain 🛡️,join,
2026-05-20T19:09:37Z,Stefan K.,like,+7 (stream total 701)
2026-05-20T19:09:41Z,Stefan K.,like,+7 (stream total 708)
2026-05-20T19:09:46Z,Plamen R.,like,+15 (stream total 723)
2026-05-20T19:09:49Z,Vili,follow,
2026-05-20T19:09:56Z,Nina P. 🌸,follow,
2026-05-20T19:09:59Z,Nina P. 🌸,follow,
2026-05-20T19:10:03Z,Plamen R.,like,+3 (stream total 726)
2026-05-20T19:10:10Z,Nina P. 🌸,like,+3 (stream total 729)
2026-05-20T19:10:17Z,Team Captain 🛡️,like,+7 (stream total 736)
2026-05-20T19:10:19Z,Rositsa 💎,envelope,
2026-05-20T19:10:22Z,🎨 MIA 🎨,like,+15 (stream total 751)
2026-05-20T19:10:30Z,Sunny Mod ☀️,like,+15 (stream total 766)
2026-05-20T19:10:37Z,stream,viewers,183
2026-05-20T19:10:40Z,Georgi V.,like,+7 (stream total 773)
2026-05-20T19:10:42Z,Rositsa 💎,like,+1 (stream total 774)
2026-05-20T19:10:46Z,Loyal Regular,like,+7 (stream total 781)
2026-05-20T19:10:53Z,Team Captain 🛡️,like,+15 (stream total 796)
2026-05-20T19:10:57Z,Rositsa 💎,like,+15 (stream total 811)
2026-05-20T19:11:01Z,Team Captain 🛡️,like,+15 (stream total 826)
2026-05-20T19:11:02Z,Stefan K.,join,
2026-05-20T19:11:09Z,Nina P. 🌸,like,+15 (stream total 841)
2026-05-20T19:11:11Z,stream,viewers,179
2026-05-20T19:11:15Z,Rositsa 💎,join,
2026-05-20T19:11:21Z,Dark Wolf 🐺,like,+15 (stream total 856)
2026-05-20T19:11:22Z,Team Captain 🛡️,like,+15 (stream total 871)
2026-05-20T19:11:28Z,Elena M. 💫,follow,
2026-05-20T19:11:29Z,Plamen R.,join,
2026-05-20T19:11:31Z,Stefan K.,like,+1 (stream total 872)
2026-05-20T19:11:39Z,Vili,join,
2026-05-20T19:11:46Z,Rositsa 💎,join,
2026-05-20T19:11:53Z,stream,viewers,182
2026-05-20T19:11:56Z,Rositsa 💎,like,+15 (stream total 887)
2026-05-20T19:12:01Z,stream,viewers,174
2026-05-20T19:12:05Z,Dark Wolf 🐺,like,+15 (stream total 902)
2026-05-20T19:12:11Z,Plamen R.,join,
2026-05-20T19:12:13Z,Kris,like,+3 (stream total 905)
2026-05-20T19:12:17Z,Sunny Mod ☀️,like,+1 (stream total 906)
2026-05-20T19:12:25Z,Dark Wolf 🐺,join,
2026-05-20T19:12:28Z,Rositsa 💎,envelope,
2026-05-20T19:12:30Z,Elena M. 💫,envelope,
2026-05-20T19:12:32Z,Kris,like,+15 (stream total 921)
2026-05-20T19:12:40Z,🎨 MIA 🎨,like,+15 (stream total 936)
2026-05-20T19:12:48Z,Sunny Mod ☀️,join,
2026-05-20T19:12:52Z,Ivan 💎,join,
2026-05-20T19:12:54Z,Elena M. 💫,join,
2026-05-20T19:12:59Z,Elena M. 💫,like,+7 (stream total 943)
2026-05-20T19:13:04Z,Stefan K.,join,
2026-05-20T19:13:12Z,Stefan K.,like,+3 (stream total 946)
2026-05-20T19:13:15Z,Rositsa 💎,like,+15 (stream total 961)
2026-05-20T19:13:19Z,Kris,like,+7 (stream total 968)
2026-05-20T19:13:23Z,Stefan K.,like,+15 (stream total 983)
2026-05-20T19:13:25Z,Nina P. 🌸,join,
2026-05-20T19:13:27Z,Rositsa 💎,like,+3 (stream total 986)
2026-05-20T19:13:35Z,Nina P. 🌸,follow,
2026-05-20T19:13:40Z,Nina P. 🌸,like,+3 (stream total 989)
2026-05-20T19:13:44Z,Dark Wolf 🐺,share,
2026-05-20T19:13:47Z,Elena M. 💫,like,+15 (stream total 1004)
2026-05-20T19:13:48Z,Plamen R.,like,+15 (stream total 1019)
2026-05-20T19:13:54Z,Dark Wolf 🐺,like,+7 (stream total 1026)
2026-05-20T19:13:57Z,Elena M. 💫,like,+1 (stream total 1027)
2026-05-20T19:14:01Z,stream,viewers,172
2026-05-20T19:14:08Z,🎨 MIA 🎨,join,
2026-05-20T19:14:13Z,Nina P. 🌸,like,+15 (stream total 1042)
2026-05-20T19:14:21Z,Georgi V.,like,+15 (stream total 1057)
2026-05-20T19:14:24Z,Georgi V.,join,
2026-05-20T19:14:27Z,Elena M. 💫,like,+15 (stream total 1072)
2026-05-20T19:14:32Z,Kris,join,
2026-05-20T19:14:33Z,Plamen R.,like,+7 (stream total 1079)
2026-05-20T19:14:40Z,Ivan 💎,like,+7 (stream total 1086)
2026-05-20T19:14:44Z,Kris,like,+3 (stream total 1089)
2026-05-20T19:14:45Z,🎨 MIA 🎨,like,+15 (stream total 1104)
2026-05-20T19:14:47Z,stream,viewers,178
2026-05-20T19:14:53Z,🎨 MIA 🎨,like,+3 (stream total 1107)
2026-05-20T19:14:54Z,🎨 MIA 🎨,like,+15 (stream total 1122)
2026-05-20T19:15:01Z,Plamen R.,like,+7 (stream total 1129)
2026-05-20T19:15:04Z,Elena M. 💫,like,+3 (stream total 1132)
2026-05-20T19:15:07Z,Georgi V.,follow,
2026-05-20T19:15:14Z,Loyal Regular,like,+3 (stream total 1135)
2026-05-20T19:15:19Z,Nina P. 🌸,like,+15 (stream total 1150)
2026-05-20T19:15:25Z,Rositsa 💎,like,+15 (stream total 1165)
2026-05-20T19:15:32Z,Team Captain 🛡️,like,+15 (stream total 1180)
2026-05-20T19:15:35Z,Ivan 💎,join,
2026-05-20T19:15:39Z,Plamen R.,join,
2026-05-20T19:15:43Z,stream,viewers,184
2026-05-20T19:15:47Z,Dani ❤️,like,+3 (stream total 1183)
2026-05-20T19:15:54Z,🎨 MIA 🎨,like,+3 (stream total 1186)
2026-05-20T19:15:58Z,Dani ❤️,like,+15 (stream total 1201)
2026-05-20T19:15:59Z,Dark Wolf 🐺,join,
2026-05-20T19:16:01Z,Vili,like,+15 (stream total 1216)
2026-05-20T19:16:06Z,Elena M. 💫,join,
2026-05-20T19:16:10Z,Sunny Mod ☀️,like,+7 (stream total 1223)
2026-05-20T19:16:18Z,🎨 MIA 🎨,like,+1 (stream total 1224)
2026-05-20T19:16:19Z,Vili,join,
2026-05-20T19:16:27Z,Loyal Regular,like,+15 (stream total 1239)
2026-05-20T19:16:35Z,stream,viewers,187
2026-05-20T19:16:42Z,🎨 MIA 🎨,like,+7 (stream total 1246)
2026-05-20T19:16:49Z,Loyal Regular,like,+15 (stream total 1261)
2026-05-20T19:16:50Z,🎨 MIA 🎨,like,+1 (stream total 1262)
2026-05-20T19:16:56Z,Dani ❤️,join,
2026-05-20T19:16:58Z,Dani ❤️,like,+15 (stream total 1277)
2026-05-20T19:17:01Z,Georgi V.,like,+15 (stream total 1292)
2026-05-20T19:17:03Z,Rositsa 💎,like,+15 (stream total 1307)
2026-05-20T19:17:08Z,Rositsa 💎,share,
2026-05-20T19:17:11Z,Team Captain 🛡️,join,
2026-05-20T19:17:15Z,Dark Wolf 🐺,like,+15 (stream total 1322)
2026-05-20T19:17:20Z,Rositsa 💎,like,+15 (stream total 1337)
2026-05-20T19:17:25Z,Vili,follow,
2026-05-20T19:17:28Z,Rositsa 💎,like,+15 (stream total 1352)
2026-05-20T19:17:32Z,Plamen R.,join,
2026-05-20T19:17:36Z,Nina P. 🌸,like,+3 (stream total 1355)
2026-05-20T19:17:39Z,Sunny Mod ☀️,like,+7 (stream total 1362)
2026-05-20T19:17:45Z,🎨 MIA 🎨,follow,
2026-05-20T19:17:50Z,Dani ❤️,like,+1 (stream total 1363)
2026-05-20T19:17:56Z,Vili,share,
2026-05-20T19:17:58Z,Dani ❤️,like,+15 (stream total 1378)
2026-05-20T19:18:05Z,Dark Wolf 🐺,join,
2026-05-20T19:18:10Z,Dark Wolf 🐺,like,+15 (stream total 1393)
2026-05-20T19:18:13Z,Loyal Regular,like,+1 (stream total 1394)
2026-05-20T19:18:21Z,Plamen R.,like,+15 (stream total 1409)
2026-05-20T19:18:22Z,Dani ❤️,like,+7 (stream total 1416)
2026-05-20T19:18:27Z,Ivan 💎,join,
2026-05-20T19:18:33Z,Team Captain 🛡️,join,
2026-05-20T19:18:34Z,Elena M. 💫,like,+15 (stream total 1431)
2026-05-20T19:18:41Z,Dark Wolf 🐺,like,+1 (stream total 1432)
2026-05-20T19:18:44Z,Plamen R.,like,+15 (stream total 1447)
2026-05-20T19:18:45Z,Nina P. 🌸,like,+15 (stream total 1462)
2026-05-20T19:18:51Z,Dani ❤️,like,+7 (stream total 1469)
2026-05-20T19:18:55Z,Elena M. 💫,like,+15 (stream total 1484)
2026-05-20T19:18:58Z,Plamen R.,like,+15 (stream total 1499)
2026-05-20T19:19:01Z,Rositsa 💎,like,+3 (stream total 1502)
2026-05-20T19:19:04Z,Georgi V.,like,+15 (stream total 1517)
2026-05-20T19:19:07Z,stream,viewers,183
2026-05-20T19:19:14Z,stream,viewers,172
2026-05-20T19:19:20Z,Plamen R.,join,
2026-05-20T19:19:28Z,Dani ❤️,join,
2026-05-20T19:19:36Z,Rositsa 💎,like,+1 (stream total 1518)
2026-05-20T19:19:37Z,Nina P. 🌸,like,+15 (stream total 1533)
2026-05-20T19:19:40Z,Nina P. 🌸,like,+1 (stream total 1534)
2026-05-20T19:19:41Z,Sunny Mod ☀️,join,
2026-05-20T19:19:45Z,Stefan K.,like,+15 (stream total 1549)
2026-05-20T19:19:52Z,stream,viewers,176
2026-05-20T19:19:57Z,Sunny Mod ☀️,like,+1 (stream total 1550)
2026-05-20T19:20:05Z,Nina P. 🌸,join,
2026-05-20T19:20:12Z,stream,viewers,178
2026-05-20T19:20:14Z,Vili,join,
2026-05-20T19:20:17Z,Georgi V.,like,+7 (stream total 1557)
2026-05-20T19:20:21Z,Georgi V.,join,
2026-05-20T19:20:27Z,Rositsa 💎,follow,
2026-05-20T19:20:32Z,Elena M. 💫,join,
2026-05-20T19:20:39Z,Rositsa 💎,join,
2026-05-20T19:20:44Z,Rositsa 💎,like,+3 (stream total 1560)
2026-05-20T19:20:46Z,Nina P. 🌸,follow,
2026-05-20T19:20:49Z,Stefan K.,like,+15 (stream total 1575)
2026-05-20T19:20:53Z,Team Captain 🛡️,share,
2026-05-20T19:20:59Z,Kris,like,+7 (stream total 1582)
2026-05-20T19:21:03Z,Ivan 💎,like,+15 (stream total 1597)
2026-05-20T19:21:11Z,Dani ❤️,like,+15 (stream total 1612)
2026-05-20T19:21:12Z,stream,viewers,189
2026-05-20T19:21:16Z,Elena M. 💫,join,
2026-05-20T19:21:20Z,Plamen R.,like,+1 (stream total 1613)
2026-05-20T19:21:23Z,Nina P. 🌸,like,+1 (stream total 1614)
2026-05-20T19:21:25Z,🎨 MIA 🎨,join,
2026-05-20T19:21:31Z,Team Captain 🛡️,envelope,
2026-05-20T19:21:32Z,🎨 MIA 🎨,like,+15 (stream total 1629)
2026-05-20T19:21:33Z,Team Captain 🛡️,join,
2026-05-20T19:21:34Z,Plamen R.,like,+7 (stream total 1636)
2026-05-20T19:21:38Z,stream,viewers,194
2026-05-20T19:21:40Z,stream,viewers,204
2026-05-20T19:21:47Z,Stefan K.,like,+3 (stream total 1639)
2026-05-20T19:21:49Z,Ivan 💎,like,+15 (stream total 1654)
2026-05-20T19:21:51Z,stream,viewers,212
2026-05-20T19:21:56Z,🎨 MIA 🎨,like,+1 (stream total 1655)
2026-05-20T19:22:00Z,Dark Wolf 🐺,like,+15 (stream total 1670)
2026-05-20T19:22:05Z,Elena M. 💫,like,+7 (stream total 1677)
2026-05-20T19:22:06Z,Dark Wolf 🐺,join,
2026-05-20T19:22:12Z,Plamen R.,join,
2026-05-20T19:22:20Z,stream,viewers,223
2026-05-20T19:22:21Z,Nina P. 🌸,join,
2026-05-20T19:22:28Z,Georgi V.,like,+7 (stream total 1684)
2026-05-20T19:22:36Z,Dani ❤️,join,
2026-05-20T19:22:40Z,Ivan 💎,join,
2026-05-20T19:22:42Z,Elena M. 💫,join,
2026-05-20T19:22:45Z,Dani ❤️,like,+3 (stream total 1687)
2026-05-20T19:22:50Z,Nina P. 🌸,join,
2026-05-20T19:22:51Z,Georgi V.,like,+15 (stream total 1702)
2026-05-20T19:22:54Z,Plamen R.,share,
2026-05-20T19:23:00Z,Dani ❤️,share,
2026-05-20T19:23:05Z,🎨 MIA 🎨,join,
2026-05-20T19:23:10Z,stream,viewers,218
2026-05-20T19:23:18Z,Sunny Mod ☀️,like,+1 (stream total 1703)
2026-05-20T19:23:26Z,Team Captain 🛡️,join,
2026-05-20T19:23:28Z,Dark Wolf 🐺,join,
2026-05-20T19:23:30Z,Kris,like,+15 (stream total 1718)
2026-05-20T19:23:32Z,Sunny Mod ☀️,like,+1 (stream total 1719)
2026-05-20T19:23:38Z,Elena M. 💫,like,+15 (stream total 1734)
2026-05-20T19:23:41Z,Rositsa 💎,like,+15 (stream total 1749)
2026-05-20T19:23:45Z,🎨 MIA 🎨,share,
2026-05-20T19:23:46Z,Dark Wolf 🐺,like,+15 (stream total 1764)
2026-05-20T19:23:49Z,stream,viewers,227
2026-05-20T19:23:55Z,Vili,like,+15 (stream total 1779)
2026-05-20T19:24:00Z,🎨 MIA 🎨,join,
2026-05-20T19:24:06Z,Rositsa 💎,like,+15 (stream total 1794)
2026-05-20T19:24:10Z,Elena M. 💫,like,+7 (stream total 1801)
2026-05-20T19:24:13Z,Stefan K.,join,
2026-05-20T19:24:19Z,Dark Wolf 🐺,join,
2026-05-20T19:24:22Z,Stefan K.,like,+7 (stream total 1808)
2026-05-20T19:24:24Z,Sunny Mod ☀️,like,+1 (stream total 1809)
2026-05-20T19:24:28Z,🎨 MIA 🎨,like,+7 (stream total 1816)
2026-05-20T19:24:33Z,Stefan K.,like,+1 (stream total 1817)
2026-05-20T19:24:35Z,Rositsa 💎,like,+15 (stream total 1832)
2026-05-20T19:24:43Z,Kris,like,+15 (stream total 1847)
2026-05-20T19:24:47Z,Sunny Mod ☀️,like,+7 (stream total 1854)
2026-05-20T19:24:55Z,Elena M. 💫,like,+15 (stream total 1869)
2026-05-20T19:25:02Z,Stefan K.,like,+15 (stream total 1884)
2026-05-20T19:25:09Z,stream,viewers,238
2026-05-20T19:25:13Z,Sunny Mod ☀️,join,
2026-05-20T19:25:15Z,Dark Wolf 🐺,like,+7 (stream total 1891)
2026-05-20T19:25:17Z,Stefan K.,follow,
2026-05-20T19:25:24Z,Sunny Mod ☀️,join,
2026-05-20T19:25:27Z,Kris,like,+15 (stream total 1906)
2026-05-20T19:25:35Z,Ivan 💎,like,+15 (stream total 1921)
2026-05-20T19:25:38Z,Dark Wolf 🐺,follow,
2026-05-20T19:25:39Z,Vili,like,+1 (stream total 1922)
2026-05-20T19:25:40Z,Stefan K.,like,+3 (stream total 1925)
2026-05-20T19:25:44Z,Georgi V.,like,+15 (stream total 1940)
2026-05-20T19:25:52Z,Team Captain 🛡️,like,+15 (stream total 1955)
2026-05-20T19:25:53Z,Ivan 💎,join,
2026-05-20T19:25:59Z,Kris,like,+15 (stream total 1970)
2026-05-20T19:26:07Z,Sunny Mod ☀️,like,+3 (stream total 1973)
2026-05-20T19:26:14Z,Rositsa 💎,like,+1 (stream total 1974)
2026-05-20T19:26:20Z,Elena M. 💫,join,
2026-05-20T19:26:25Z,Nina P. 🌸,like,+1 (stream total 1975)
2026-05-20T19:26:27Z,Kris,like,+15 (stream total 1990)
2026-05-20T19:26:33Z,Georgi V.,join,
2026-05-20T19:26:37Z,Kris,like,+15 (stream total 2005)
2026-05-20T19:26:41Z,Kris,envelope,
2026-05-20T19:26:49Z,🎨 MIA 🎨,like,+1 (stream total 2006)
2026-05-20T19:26:53Z,Dani ❤️,like,+15 (stream total 2021)
2026-05-20T19:26:57Z,stream,viewers,237
2026-05-20T19:27:04Z,Elena M. 💫,like,+15 (stream total 2036)
2026-05-20T19:27:07Z,Vili,join,
2026-05-20T19:27:13Z,Stefan K.,join,
2026-05-20T19:27:18Z,Sunny Mod ☀️,join,
2026-05-20T19:27:23Z,Sunny Mod ☀️,envelope,
2026-05-20T19:27:26Z,Loyal Regular,like,+15 (stream total 2051)
2026-05-20T19:27:31Z,Sunny Mod ☀️,like,+7 (stream total 2058)
2026-05-20T19:27:37Z,Kris,like,+15 (stream total 2073)
2026-05-20T19:27:39Z,Dark Wolf 🐺,join,
2026-05-20T19:27:42Z,Ivan 💎,follow,
2026-05-20T19:27:49Z,Ivan 💎,like,+15 (stream total 2088)
2026-05-20T19:27:55Z,🎨 MIA 🎨,join,
2026-05-20T19:28:01Z,Nina P. 🌸,join,
2026-05-20T19:28:02Z,Georgi V.,like,+15 (stream total 2103)
2026-05-20T19:28:07Z,Georgi V.,like,+15 (stream total 2118)
2026-05-20T19:28:10Z,stream,viewers,249
2026-05-20T19:28:18Z,🎨 MIA 🎨,like,+3 (stream total 2121)
2026-05-20T19:28:25Z,🎨 MIA 🎨,join,
2026-05-20T19:28:27Z,Rositsa 💎,join,
2026-05-20T19:28:32Z,Team Captain 🛡️,like,+3 (stream total 2124)
2026-05-20T19:28:34Z,Vili,join,
2026-05-20T19:28:36Z,Elena M. 💫,join,
2026-05-20T19:28:43Z,🎨 MIA 🎨,like,+15 (stream total 2139)
2026-05-20T19:28:51Z,Vili,join,
2026-05-20T19:28:59Z,Team Captain 🛡️,follow,
2026-05-20T19:29:07Z,🎨 MIA 🎨,like,+15 (stream total 2154)
2026-05-20T19:29:08Z,Dark Wolf 🐺,like,+15 (stream total 2169)
2026-05-20T19:29:16Z,Ivan 💎,join,
2026-05-20T19:29:24Z,Kris,like,+15 (stream total 2184)
2026-05-20T19:29:26Z,Dark Wolf 🐺,like,+15 (stream total 2199)
2026-05-20T19:29:27Z,Nina P. 🌸,like,+15 (stream total 2214)
2026-05-20T19:29:33Z,stream,viewers,253
2026-05-20T19:29:41Z,Rositsa 💎,like,+3 (stream total 2217)
2026-05-20T19:29:42Z,Kris,like,+15 (stream total 2232)
2026-05-20T19:29:45Z,Ivan 💎,like,+15 (stream total 2247)
2026-05-20T19:29:51Z,Loyal Regular,like,+15 (stream total 2262)
2026-05-20T19:29:55Z,Dark Wolf 🐺,like,+15 (stream total 2277)
2026-05-20T19:30:00Z,Ivan 💎,join,
2026-05-20T19:30:05Z,Ivan 💎,like,+15 (stream total 2292)
2026-05-20T19:30:12Z,Elena M. 💫,like,+15 (stream total 2307)
2026-05-20T19:30:18Z,Sunny Mod ☀️,envelope,
2026-05-20T19:30:26Z,Dark Wolf 🐺,join,
2026-05-20T19:30:30Z,Elena M. 💫,like,+3 (stream total 2310)
2026-05-20T19:30:32Z,Nina P. 🌸,join,
2026-05-20T19:30:39Z,Rositsa 💎,join,
2026-05-20T19:30:46Z,Nina P. 🌸,like,+15 (stream total 2325)
2026-05-20T19:30:51Z,Nina P. 🌸,like,+3 (stream total 2328)
2026-05-20T19:30:59Z,Sunny Mod ☀️,join,
2026-05-20T19:31:00Z,Rositsa 💎,join,
2026-05-20T19:31:07Z,Sunny Mod ☀️,join,
2026-05-20T19:31:09Z,Sunny Mod ☀️,like,+15 (stream total 2343)
2026-05-20T19:31:17Z,🎨 MIA 🎨,join,
2026-05-20T19:31:19Z,Ivan 💎,join,
2026-05-20T19:31:20Z,Georgi V.,like,+15 (stream total 2358)
2026-05-20T19:31:21Z,Ivan 💎,like,+3 (stream total 2361)
2026-05-20T19:31:26Z,Elena M. 💫,join,
2026-05-20T19:31:31Z,Nina P. 🌸,like,+7 (stream total 2368)
2026-05-20T19:31:32Z,Sunny Mod ☀️,like,+15 (stream total 2383)
2026-05-20T19:31:33Z,Dani ❤️,like,+1 (stream total 2384)
2026-05-20T19:31:35Z,Kris,join,
2026-05-20T19:31:42Z,Nina P. 🌸,like,+15 (stream total 2399)
2026-05-20T19:31:49Z,Sunny Mod ☀️,join,
2026-05-20T19:31:52Z,Kris,like,+15 (stream total 2414)
2026-05-20T19:31:54Z,Vili,like,+3 (stream total 2417)
2026-05-20T19:31:57Z,Kris,join,
2026-05-20T19:31:58Z,Sunny Mod ☀️,like,+1 (stream total 2418)
2026-05-20T19:32:00Z,Georgi V.,like,+3 (stream total 2421)
2026-05-20T19:32:08Z,Team Captain 🛡️,like,+15 (stream total 2436)
2026-05-20T19:32:12Z,Team Captain 🛡️,like,+3 (stream total 2439)
2026-05-20T19:32:13Z,Team Captain 🛡️,like,+15 (stream total 2454)
2026-05-20T19:32:16Z,Georgi V.,join,
2026-05-20T19:32:21Z,Team Captain 🛡️,join,
2026-05-20T19:32:29Z,Rositsa 💎,like,+7 (stream total 2461)
2026-05-20T19:32:30Z,Nina P. 🌸,join,
2026-05-20T19:32:31Z,Sunny Mod ☀️,like,+15 (stream total 2476)
2026-05-20T19:32:33Z,Elena M. 💫,like,+15 (stream total 2491)
2026-05-20T19:32:36Z,Ivan 💎,share,
2026-05-20T19:32:44Z,Dark Wolf 🐺,join,
2026-05-20T19:32:50Z,Team Captain 🛡️,share,
2026-05-20T19:32:58Z,🎨 MIA 🎨,like,+3 (stream total 2494)
2026-05-20T19:33:00Z,Sunny Mod ☀️,like,+3 (stream total 2497)
2026-05-20T19:33:07Z,Loyal Regular,like,+15 (stream total 2512)
2026-05-20T19:33:12Z,Plamen R.,join,
2026-05-20T19:33:18Z,Nina P. 🌸,like,+15 (stream total 2527)
2026-05-20T19:33:24Z,stream,viewers,241
2026-05-20T19:33:27Z,Elena M. 💫,join,
2026-05-20T19:33:34Z,Stefan K.,envelope,
2026-05-20T19:33:41Z,Kris,like,+15 (stream total 2542)
2026-05-20T19:33:45Z,stream,viewers,251
2026-05-20T19:33:46Z,Elena M. 💫,like,+15 (stream total 2557)
2026-05-20T19:33:49Z,Ivan 💎,join,
2026-05-20T19:33:50Z,🎨 MIA 🎨,like,+15 (stream total 2572)
2026-05-20T19:33:53Z,Ivan 💎,like,+15 (stream total 2587)
2026-05-20T19:34:01Z,Georgi V.,like,+15 (stream total 2602)
2026-05-20T19:34:09Z,Stefan K.,join,
2026-05-20T19:34:13Z,Nina P. 🌸,like,+15 (stream total 2617)
2026-05-20T19:34:20Z,Stefan K.,like,+7 (stream total 2624)
2026-05-20T19:34:21Z,Vili,join,
2026-05-20T19:34:23Z,Dark Wolf 🐺,like,+1 (stream total 2625)
2026-05-20T19:34:27Z,Dani ❤️,like,+7 (stream total 2632)
2026-05-20T19:34:33Z,Plamen R.,like,+3 (stream total 2635)
2026-05-20T19:34:37Z,Georgi V.,like,+3 (stream total 2638)
2026-05-20T19:34:42Z,Plamen R.,like,+7 (stream total 2645)
2026-05-20T19:34:49Z,Ivan 💎,join,
2026-05-20T19:34:52Z,Rositsa 💎,like,+15 (stream total 2660)
2026-05-20T19:34:58Z,stream,viewers,259
2026-05-20T19:35:06Z,🎨 MIA 🎨,join,
2026-05-20T19:35:12Z,Dark Wolf 🐺,join,
2026-05-20T19:35:17Z,Nina P. 🌸,like,+1 (stream total 2661)
2026-05-20T19:35:18Z,Ivan 💎,like,+15 (stream total 2676)
2026-05-20T19:35:26Z,Stefan K.,join,
2026-05-20T19:35:31Z,Elena M. 💫,follow,
2026-05-20T19:35:38Z,Vili,like,+15 (stream total 2691)
2026-05-20T19:35:41Z,Nina P. 🌸,like,+7 (stream total 2698)
2026-05-20T19:35:45Z,Kris,envelope,
2026-05-20T19:35:47Z,Nina P. 🌸,like,+15 (stream total 2713)
2026-05-20T19:35:53Z,stream,viewers,262
2026-05-20T19:35:55Z,stream,viewers,262
2026-05-20T19:35:57Z,Georgi V.,join,
2026-05-20T19:36:02Z,Stefan K.,like,+15 (stream total 2728)
2026-05-20T19:36:04Z,Sunny Mod ☀️,share,
2026-05-20T19:36:11Z,Ivan 💎,like,+3 (stream total 2731)
2026-05-20T19:36:17Z,Team Captain 🛡️,share,
2026-05-20T19:36:21Z,Elena M. 💫,like,+7 (stream total 2738)
2026-05-20T19:36:22Z,Rositsa 💎,follow,
2026-05-20T19:36:23Z,stream,viewers,258
2026-05-20T19:36:31Z,🎨 MIA 🎨,like,+7 (stream total 2745)
2026-05-20T19:36:32Z,Sunny Mod ☀️,share,
2026-05-20T19:36:37Z,Vili,join,
2026-05-20T19:36:39Z,Dark Wolf 🐺,like,+7 (stream total 2752)
2026-05-20T19:36:46Z,Vili,like,+15 (stream total 2767)
2026-05-20T19:36:49Z,Loyal Regular,like,+3 (stream total 2770)
2026-05-20T19:36:50Z,Rositsa 💎,like,+3 (stream total 2773)
2026-05-20T19:36:51Z,Ivan 💎,like,+3 (stream total 2776)
2026-05-20T19:36:53Z,Ivan 💎,share,
2026-05-20T19:36:59Z,🎨 MIA 🎨,follow,
2026-05-20T19:37:07Z,Rositsa 💎,share,
2026-05-20T19:37:14Z,stream,viewers,248
2026-05-20T19:37:22Z,Dark Wolf 🐺,envelope,
2026-05-20T19:37:26Z,Sunny Mod ☀️,like,+7 (stream total 2783)
2026-05-20T19:37:29Z,Team Captain 🛡️,like,+1 (stream total 2784)
2026-05-20T19:37:32Z,Dani ❤️,join,
2026-05-20T19:37:35Z,🎨 MIA 🎨,like,+7 (stream total 2791)
2026-05-20T19:37:42Z,🎨 MIA 🎨,like,+1 (stream total 2792)
2026-05-20T19:37:47Z,Elena M. 💫,join,
2026-05-20T19:37:53Z,stream,viewers,251
2026-05-20T19:37:55Z,Rositsa 💎,like,+15 (stream total 2807)
2026-05-20T19:37:57Z,Dani ❤️,like,+1 (stream total 2808)
2026-05-20T19:38:01Z,Ivan 💎,join,
2026-05-20T19:38:06Z,Loyal Regular,like,+3 (stream total 2811)
2026-05-20T19:38:12Z,Elena M. 💫,like,+3 (stream total 2814)
2026-05-20T19:38:16Z,Elena M. 💫,like,+15 (stream total 2829)
2026-05-20T19:38:19Z,Team Captain 🛡️,like,+7 (stream total 2836)
2026-05-20T19:38:22Z,Nina P. 🌸,envelope,
2026-05-20T19:38:30Z,stream,viewers,255
2026-05-20T19:38:33Z,Loyal Regular,like,+15 (stream total 2851)
2026-05-20T19:38:38Z,Kris,like,+1 (stream total 2852)
2026-05-20T19:38:45Z,Plamen R.,like,+3 (stream total 2855)
2026-05-20T19:38:48Z,stream,viewers,267
2026-05-20T19:38:52Z,Stefan K.,join,
2026-05-20T19:38:54Z,stream,viewers,274
2026-05-20T19:39:02Z,🎨 MIA 🎨,join,
2026-05-20T19:39:06Z,Sunny Mod ☀️,like,+15 (stream total 2870)
2026-05-20T19:39:10Z,Stefan K.,join,
2026-05-20T19:39:11Z,Team Captain 🛡️,like,+15 (stream total 2885)
2026-05-20T19:39:18Z,stream,viewers,263
2026-05-20T19:39:24Z,Ivan 💎,like,+15 (stream total 2900)
2026-05-20T19:39:32Z,Kris,like,+15 (stream total 2915)
2026-05-20T19:39:35Z,stream,viewers,258
2026-05-20T19:39:38Z,Dark Wolf 🐺,join,
2026-05-20T19:39:39Z,Dark Wolf 🐺,like,+15 (stream total 2930)
2026-05-20T19:39:40Z,Rositsa 💎,like,+15 (stream total 2945)
2026-05-20T19:39:42Z,Team Captain 🛡️,like,+3 (stream total 2948)
2026-05-20T19:39:48Z,Ivan 💎,join,
2026-05-20T19:39:55Z,Rositsa 💎,join,
2026-05-20T19:39:56Z,Georgi V.,like,+15 (stream total 2963)
2026-05-20T19:40:04Z,Nina P. 🌸,like,+15 (stream total 2978)
2026-05-20T19:40:07Z,Georgi V.,like,+3 (stream total 2981)
2026-05-20T19:40:10Z,Elena M. 💫,like,+7 (stream total 2988)
2026-05-20T19:40:11Z,Rositsa 💎,like,+15 (stream total 3003)
2026-05-20T19:40:15Z,Ivan 💎,like,+15 (stream total 3018)
2026-05-20T19:40:23Z,Team Captain 🛡️,like,+15 (stream total 3033)
2026-05-20T19:40:25Z,Georgi V.,like,+15 (stream total 3048)
2026-05-20T19:40:28Z,Georgi V.,like,+15 (stream total 3063)
2026-05-20T19:40:36Z,Loyal Regular,join,
2026-05-20T19:40:41Z,Georgi V.,like,+15 (stream total 3078)
2026-05-20T19:40:44Z,Stefan K.,like,+3 (stream total 3081)
2026-05-20T19:40:47Z,Vili,join,
2026-05-20T19:40:54Z,Ivan 💎,like,+1 (stream total 3082)
2026-05-20T19:41:01Z,Plamen R.,join,
2026-05-20T19:41:02Z,Nina P. 🌸,like,+7 (stream total 3089)
2026-05-20T19:41:08Z,Ivan 💎,like,+7 (stream total 3096)
2026-05-20T19:41:15Z,stream,viewers,271
2026-05-20T19:41:21Z,stream,viewers,276
2026-05-20T19:41:22Z,🎨 MIA 🎨,like,+15 (stream total 3111)
2026-05-20T19:41:28Z,Kris,like,+15 (stream total 3126)
2026-05-20T19:41:29Z,Dani ❤️,like,+3 (stream total 3129)
2026-05-20T19:41:31Z,Stefan K.,like,+15 (stream total 3144)
2026-05-20T19:41:32Z,Kris,like,+15 (stream total 3159)
2026-05-20T19:41:40Z,Loyal Regular,join,
2026-05-20T19:41:41Z,Sunny Mod ☀️,like,+15 (stream total 3174)
2026-05-20T19:41:46Z,Plamen R.,follow,
2026-05-20T19:41:51Z,Loyal Regular,join,
2026-05-20T19:41:52Z,Elena M. 💫,join,
2026-05-20T19:41:54Z,Kris,like,+3 (stream total 3177)
2026-05-20T19:41:55Z,Elena M. 💫,like,+7 (stream total 3184)
2026-05-20T19:41:58Z,Plamen R.,like,+15 (stream total 3199)
2026-05-20T19:42:03Z,Plamen R.,like,+15 (stream total 3214)
2026-05-20T19:42:06Z,Dani ❤️,like,+3 (stream total 3217)
2026-05-20T19:42:11Z,Plamen R.,follow,
2026-05-20T19:42:16Z,Team Captain 🛡️,like,+1 (stream total 3218)
2026-05-20T19:42:21Z,stream,viewers,286
2026-05-20T19:42:25Z,Stefan K.,join,
2026-05-20T19:42:31Z,Dani ❤️,like,+7 (stream total 3225)
2026-05-20T19:42:39Z,Elena M. 💫,like,+1 (stream total 3226)
2026-05-20T19:42:43Z,Stefan K.,like,+15 (stream total 3241)
2026-05-20T19:42:50Z,Kris,share,
2026-05-20T19:42:51Z,🎨 MIA 🎨,follow,
2026-05-20T19:42:55Z,Dark Wolf 🐺,like,+15 (stream total 3256)
2026-05-20T19:43:00Z,Stefan K.,like,+7 (stream total 3263)
2026-05-20T19:43:01Z,🎨 MIA 🎨,join,
2026-05-20T19:43:03Z,Dark Wolf 🐺,join,
2026-05-20T19:43:11Z,Dani ❤️,join,
2026-05-20T19:43:18Z,stream,viewers,297
2026-05-20T19:43:20Z,Sunny Mod ☀️,like,+15 (stream total 3278)
2026-05-20T19:43:23Z,Sunny Mod ☀️,like,+7 (stream total 3285)
2026-05-20T19:43:26Z,Plamen R.,join,
2026-05-20T19:43:31Z,stream,viewers,288
2026-05-20T19:43:39Z,Sunny Mod ☀️,like,+15 (stream total 3300)
2026-05-20T19:43:42Z,Georgi V.,like,+1 (stream total 3301)
2026-05-20T19:43:49Z,Plamen R.,join,
2026-05-20T19:43:51Z,Plamen R.,like,+3 (stream total 3304)
2026-05-20T19:43:58Z,stream,viewers,303
2026-05-20T19:44:00Z,Vili,like,+15 (stream total 3319)
2026-05-20T19:44:08Z,Dark Wolf 🐺,like,+7 (stream total 3326)
2026-05-20T19:44:14Z,Dani ❤️,like,+15 (stream total 3341)
2026-05-20T19:44:21Z,Nina P. 🌸,join,
2026-05-20T19:44:29Z,Elena M. 💫,like,+3 (stream total 3344)
2026-05-20T19:44:34Z,stream,viewers,309
2026-05-20T19:44:41Z,Georgi V.,join,
2026-05-20T19:44:47Z,Ivan 💎,like,+15 (stream total 3359)
2026-05-20T19:44:51Z,Stefan K.,share,
2026-05-20T19:44:58Z,Nina P. 🌸,follow,
2026-05-20T19:44:59Z,Plamen R.,like,+15 (stream total 3374)
2026-05-20T19:45:04Z,Loyal Regular,follow,
2026-05-20T19:45:09Z,Kris,like,+15 (stream total 3389)
2026-05-20T19:45:16Z,Dark Wolf 🐺,like,+1 (stream total 3390)
2026-05-20T19:45:22Z,Nina P. 🌸,like,+15 (stream total 3405)
2026-05-20T19:45:24Z,Georgi V.,like,+15 (stream total 3420)
2026-05-20T19:45:30Z,Sunny Mod ☀️,like,+15 (stream total 3435)
2026-05-20T19:45:33Z,stream,viewers,312
2026-05-20T19:45:40Z,Plamen R.,like,+15 (stream total 3450)
2026-05-20T19:45:46Z,Team Captain 🛡️,join,
2026-05-20T19:45:48Z,Dark Wolf 🐺,like,+7 (stream total 3457)
2026-05-20T19:45:50Z,stream,viewers,305
2026-05-20T19:45:52Z,Elena M. 💫,join,
2026-05-20T19:45:58Z,stream,viewers,306
2026-05-20T19:46:01Z,Ivan 💎,like,+15 (stream total 3472)
2026-05-20T19:46:05Z,Stefan K.,like,+15 (stream total 3487)
2026-05-20T19:46:08Z,Plamen R.,like,+15 (stream total 3502)
2026-05-20T19:46:10Z,Sunny Mod ☀️,like,+15 (stream total 3517)
2026-05-20T19:46:11Z,Nina P. 🌸,join,
2026-05-20T19:46:12Z,Team Captain 🛡️,like,+15 (stream total 3532)
2026-05-20T19:46:13Z,Kris,follow,
2026-05-20T19:46:15Z,Sunny Mod ☀️,join,
2026-05-20T19:46:16Z,Vili,like,+15 (stream total 3547)
2026-05-20T19:46:21Z,stream,viewers,311
2026-05-20T19:46:24Z,Kris,join,
2026-05-20T19:46:26Z,Dani ❤️,like,+15 (stream total 3562)
2026-05-20T19:46:28Z,Georgi V.,like,+3 (stream total 3565)
2026-05-20T19:46:36Z,stream,viewers,312
2026-05-20T19:46:37Z,Sunny Mod ☀️,join,
2026-05-20T19:46:43Z,Stefan K.,like,+7 (stream total 3572)
2026-05-20T19:46:48Z,Elena M. 💫,like,+15 (stream total 3587)
2026-05-20T19:46:50Z,stream,viewers,302
2026-05-20T19:46:56Z,Plamen R.,like,+15 (stream total 3602)
2026-05-20T19:46:57Z,Rositsa 💎,like,+15 (stream total 3617)
2026-05-20T19:46:58Z,Plamen R.,like,+3 (stream total 3620)
2026-05-20T19:47:02Z,🎨 MIA 🎨,like,+15 (stream total 3635)
2026-05-20T19:47:05Z,Rositsa 💎,like,+15 (stream total 3650)
2026-05-20T19:47:10Z,Elena M. 💫,like,+15 (stream total 3665)
2026-05-20T19:47:12Z,Kris,like,+15 (stream total 3680)
2026-05-20T19:47:16Z,Kris,like,+15 (stream total 3695)
2026-05-20T19:47:24Z,Ivan 💎,like,+3 (stream total 3698)
2026-05-20T19:47:26Z,Dark Wolf 🐺,like,+15 (stream total 3713)
2026-05-20T19:47:29Z,Rositsa 💎,like,+7 (stream total 3720)
2026-05-20T19:47:36Z,Georgi V.,join,
2026-05-20T19:47:42Z,Kris,like,+7 (stream total 3727)
2026-05-20T19:47:49Z,Georgi V.,join,
2026-05-20T19:47:56Z,stream,viewers,307
2026-05-20T19:48:00Z,Vili,like,+7 (stream total 3734)
2026-05-20T19:48:06Z,Nina P. 🌸,like,+7 (stream total 3741)
2026-05-20T19:48:07Z,🎨 MIA 🎨,like,+3 (stream total 3744)
2026-05-20T19:48:10Z,Elena M. 💫,like,+15 (stream total 3759)
2026-05-20T19:48:13Z,Vili,join,
2026-05-20T19:48:17Z,Dark Wolf 🐺,like,+3 (stream total 3762)
2026-05-20T19:48:24Z,Plamen R.,like,+3 (stream total 3765)
2026-05-20T19:48:29Z,Dani ❤️,share,
2026-05-20T19:48:33Z,Vili,like,+15 (stream total 3780)
2026-05-20T19:48:36Z,Elena M. 💫,share,
2026-05-20T19:48:44Z,Dark Wolf 🐺,join,
2026-05-20T19:48:48Z,Dani ❤️,like,+3 (stream total 3783)
2026-05-20T19:48:51Z,stream,viewers,316
2026-05-20T19:48:53Z,Elena M. 💫,like,+15 (stream total 3798)
2026-05-20T19:49:00Z,Team Captain 🛡️,like,+15 (stream total 3813)
2026-05-20T19:49:03Z,Kris,like,+15 (stream total 3828)
2026-05-20T19:49:05Z,Loyal Regular,join,
2026-05-20T19:49:09Z,Sunny Mod ☀️,like,+1 (stream total 3829)
2026-05-20T19:49:11Z,Dark Wolf 🐺,join,
2026-05-20T19:49:16Z,Team Captain 🛡️,like,+7 (stream total 3836)
2026-05-20T19:49:18Z,🎨 MIA 🎨,like,+15 (stream total 3851)
2026-05-20T19:49:25Z,Kris,like,+15 (stream total 3866)
2026-05-20T19:49:28Z,🎨 MIA 🎨,share,
2026-05-20T19:49:29Z,Loyal Regular,like,+15 (stream total 3881)
2026-05-20T19:49:35Z,Nina P. 🌸,follow,
2026-05-20T19:49:43Z,Ivan 💎,like,+15 (stream total 3896)
2026-05-20T19:49:49Z,Georgi V.,follow,
2026-05-20T19:49:52Z,Elena M. 💫,like,+15 (stream total 3911)
2026-05-20T19:49:56Z,Nina P. 🌸,join,
2026-05-20T19:50:03Z,🎨 MIA 🎨,like,+15 (stream total 3926)
2026-05-20T19:50:07Z,🎨 MIA 🎨,join,
2026-05-20T19:50:14Z,Dani ❤️,join,
2026-05-20T19:50:19Z,🎨 MIA 🎨,join,
2026-05-20T19:50:23Z,Team Captain 🛡️,join,
2026-05-20T19:50:28Z,Sunny Mod ☀️,follow,
2026-05-20T19:50:34Z,Georgi V.,share,
2026-05-20T19:50:39Z,Rositsa 💎,follow,
2026-05-20T19:50:40Z,Sunny Mod ☀️,envelope,
2026-05-20T19:50:42Z,Dark Wolf 🐺,like,+3 (stream total 3929)
2026-05-20T19:50:48Z,Georgi V.,join,
2026-05-20T19:50:55Z,Kris,join,
2026-05-20T19:50:59Z,Georgi V.,like,+7 (stream total 3936)
2026-05-20T19:51:06Z,Dark Wolf 🐺,like,+15 (stream total 3951)
2026-05-20T19:51:14Z,Sunny Mod ☀️,like,+15 (stream total 3966)
2026-05-20T19:51:18Z,Dani ❤️,like,+3 (stream total 3969)
2026-05-20T19:51:26Z,Nina P. 🌸,join,
2026-05-20T19:51:31Z,🎨 MIA 🎨,like,+15 (stream total 3984)
2026-05-20T19:51:35Z,Stefan K.,like,+1 (stream total 3985)
2026-05-20T19:51:38Z,Kris,like,+1 (stream total 3986)
2026-05-20T19:51:42Z,🎨 MIA 🎨,join,
2026-05-20T19:51:45Z,Vili,join,
2026-05-20T19:51:53Z,Stefan K.,like,+1 (stream total 3987)
2026-05-20T19:52:01Z,Sunny Mod ☀️,like,+7 (stream total 3994)
2026-05-20T19:52:06Z,Team Captain 🛡️,like,+3 (stream total 3997)
2026-05-20T19:52:10Z,Ivan 💎,like,+1 (stream total 3998)
2026-05-20T19:52:17Z,🎨 MIA 🎨,join,
2026-05-20T19:52:20Z,Vili,join,
2026-05-20T19:52:27Z,stream,viewers,326
2026-05-20T19:52:32Z,Vili,like,+3 (stream total 4001)
2026-05-20T19:52:33Z,Elena M. 💫,like,+7 (stream total 4008)
2026-05-20T19:52:37Z,Elena M. 💫,like,+15 (stream total 4023)
2026-05-20T19:52:39Z,Vili,like,+15 (stream total 4038)
2026-05-20T19:52:45Z,Dani ❤️,like,+1 (stream total 4039)
2026-05-20T19:52:46Z,Loyal Regular,like,+15 (stream total 4054)
2026-05-20T19:52:48Z,Dark Wolf 🐺,join,
2026-05-20T19:52:53Z,Vili,like,+15 (stream total 4069)
2026-05-20T19:53:01Z,Dani ❤️,like,+7 (stream total 4076)
2026-05-20T19:53:02Z,Georgi V.,like,+15 (stream total 4091)
2026-05-20T19:53:07Z,Rositsa 💎,join,
2026-05-20T19:53:12Z,Georgi V.,join,
2026-05-20T19:53:15Z,Nina P. 🌸,join,
2026-05-20T19:53:22Z,stream,viewers,325
2026-05-20T19:53:25Z,Dani ❤️,share,
2026-05-20T19:53:28Z,Team Captain 🛡️,like,+7 (stream total 4098)
2026-05-20T19:53:34Z,Sunny Mod ☀️,like,+7 (stream total 4105)
2026-05-20T19:53:40Z,🎨 MIA 🎨,like,+15 (stream total 4120)
2026-05-20T19:53:46Z,stream,viewers,320
2026-05-20T19:53:47Z,Plamen R.,like,+15 (stream total 4135)
2026-05-20T19:53:54Z,Stefan K.,follow,
2026-05-20T19:54:02Z,Team Captain 🛡️,like,+3 (stream total 4138)
2026-05-20T19:54:07Z,Sunny Mod ☀️,join,
2026-05-20T19:54:09Z,Stefan K.,like,+3 (stream total 4141)
2026-05-20T19:54:12Z,Kris,like,+1 (stream total 4142)
2026-05-20T19:54:13Z,stream,viewers,314
2026-05-20T19:54:17Z,Nina P. 🌸,join,
2026-05-20T19:54:18Z,stream,viewers,328
2026-05-20T19:54:25Z,Georgi V.,like,+15 (stream total 4157)
2026-05-20T19:54:26Z,Kris,like,+7 (stream total 4164)
2026-05-20T19:54:28Z,Sunny Mod ☀️,like,+3 (stream total 4167)
2026-05-20T19:54:31Z,Nina P. 🌸,like,+15 (stream total 4182)
2026-05-20T19:54:37Z,Vili,join,
2026-05-20T19:54:39Z,Dani ❤️,like,+15 (stream total 4197)
2026-05-20T19:54:46Z,Rositsa 💎,envelope,
2026-05-20T19:54:49Z,Plamen R.,envelope,
2026-05-20T19:54:51Z,stream,viewers,339
2026-05-20T19:54:57Z,Elena M. 💫,join,
2026-05-20T19:55:04Z,Vili,share,
2026-05-20T19:55:07Z,Dark Wolf 🐺,like,+15 (stream total 4212)
2026-05-20T19:55:08Z,stream,viewers,348
2026-05-20T19:55:16Z,🎨 MIA 🎨,join,
2026-05-20T19:55:22Z,Kris,join,
2026-05-20T19:55:28Z,Plamen R.,like,+15 (stream total 4227)
2026-05-20T19:55:35Z,Stefan K.,like,+3 (stream total 4230)
2026-05-20T19:55:39Z,Georgi V.,like,+3 (stream total 4233)
2026-05-20T19:55:44Z,Stefan K.,join,
2026-05-20T19:55:49Z,Stefan K.,join,
2026-05-20T19:55:57Z,Plamen R.,like,+15 (stream total 4248)
2026-05-20T19:55:59Z,Rositsa 💎,join,
2026-05-20T19:56:01Z,stream,viewers,338
2026-05-20T19:56:09Z,Dani ❤️,like,+15 (stream total 4263)
2026-05-20T19:56:11Z,Team Captain 🛡️,join,
2026-05-20T19:56:13Z,Sunny Mod ☀️,like,+15 (stream total 4278)
2026-05-20T19:56:16Z,Stefan K.,share,
2026-05-20T19:56:24Z,🎨 MIA 🎨,join,
2026-05-20T19:56:30Z,Nina P. 🌸,join,
2026-05-20T19:56:37Z,Dark Wolf 🐺,like,+1 (stream total 4279)
2026-05-20T19:56:38Z,Stefan K.,join,
2026-05-20T19:56:46Z,Team Captain 🛡️,like,+3 (stream total 4282)
2026-05-20T19:56:53Z,Georgi V.,follow,
2026-05-20T19:56:57Z,Rositsa 💎,join,
2026-05-20T19:57:03Z,Team Captain 🛡️,like,+7 (stream total 4289)
2026-05-20T19:57:04Z,stream,viewers,333
2026-05-20T19:57:10Z,Dani ❤️,like,+7 (stream total 4296)
2026-05-20T19:57:18Z,Plamen R.,like,+7 (stream total 4303)
2026-05-20T19:57:20Z,Dark Wolf 🐺,like,+15 (stream total 4318)
2026-05-20T19:57:22Z,Rositsa 💎,like,+15 (stream total 4333)
2026-05-20T19:57:26Z,Stefan K.,like,+15 (stream total 4348)
2026-05-20T19:57:34Z,Plamen R.,like,+15 (stream total 4363)
2026-05-20T19:57:36Z,Vili,join,
2026-05-20T19:57:38Z,Elena M. 💫,like,+3 (stream total 4366)
2026-05-20T19:57:41Z,Elena M. 💫,join,
2026-05-20T19:57:48Z,stream,viewers,329
2026-05-20T19:57:53Z,Nina P. 🌸,share,
2026-05-20T19:57:54Z,🎨 MIA 🎨,like,+15 (stream total 4381)
2026-05-20T19:58:02Z,stream,viewers,343
2026-05-20T19:58:03Z,Plamen R.,like,+15 (stream total 4396)
2026-05-20T19:58:10Z,stream,viewers,353
2026-05-20T19:58:18Z,Ivan 💎,like,+15 (stream total 4411)
2026-05-20T19:58:20Z,Dani ❤️,like,+3 (stream total 4414)
2026-05-20T19:58:25Z,Plamen R.,follow,
2026-05-20T19:58:26Z,Ivan 💎,like,+7 (stream total 4421)
2026-05-20T19:58:34Z,Vili,like,+15 (stream total 4436)
2026-05-20T19:58:40Z,Dark Wolf 🐺,like,+15 (stream total 4451)
2026-05-20T19:58:48Z,Nina P. 🌸,like,+3 (stream total 4454)
2026-05-20T19:58:56Z,stream,viewers,342
2026-05-20T19:58:59Z,🎨 MIA 🎨,join,
2026-05-20T19:59:04Z,Georgi V.,like,+15 (stream total 4469)
2026-05-20T19:59:09Z,Plamen R.,like,+15 (stream total 4484)
2026-05-20T19:59:12Z,Nina P. 🌸,envelope,
2026-05-20T19:59:14Z,stream,viewers,343
2026-05-20T19:59:16Z,Elena M. 💫,like,+3 (stream total 4487)
2026-05-20T19:59:19Z,Elena M. 💫,join,
2026-05-20T19:59:25Z,Dani ❤️,join,
2026-05-20T19:59:29Z,Dani ❤️,like,+15 (stream total 4502)
2026-05-20T19:59:36Z,Team Captain 🛡️,like,+7 (stream total 4509)
2026-05-20T19:59:42Z,Loyal Regular,follow,
2026-05-20T19:59:50Z,Rositsa 💎,like,+3 (stream total 4512)
2026-05-20T19:59:54Z,🎨 MIA 🎨,envelope,
2026-05-20T19:59:57Z,Rositsa 💎,like,+15 (stream total 4527)
2026-05-20T20:00:05Z,Kris,like,+15 (stream total 4542)
2026-05-20T20:00:10Z,Plamen R.,follow,
2026-05-20T20:00:12Z,Team Captain 🛡️,like,+7 (stream total 4549)
2026-05-20T20:00:17Z,Dani ❤️,join,
2026-05-20T20:00:23Z,Stefan K.,like,+15 (stream total 4564)
2026-05-20T20:00:25Z,Elena M. 💫,join,
2026-05-20T20:00:31Z,Dark Wolf 🐺,envelope,
2026-05-20T20:00:38Z,Rositsa 💎,join,
2026-05-20T20:00:40Z,stream,viewers,336
2026-05-20T20:00:45Z,Dani ❤️,follow,
2026-05-20T20:00:46Z,Sunny Mod ☀️,join,
2026-05-20T20:00:51Z,Nina P. 🌸,like,+3 (stream total 4567)
2026-05-20T20:00:52Z,Stefan K.,like,+15 (stream total 4582)
2026-05-20T20:00:57Z,stream,viewers,327
2026-05-20T20:01:01Z,Nina P. 🌸,like,+3 (stream total 4585)
2026-05-20T20:01:02Z,Loyal Regular,like,+15 (stream total 4600)
2026-05-20T20:01:08Z,Nina P. 🌸,join,
2026-05-20T20:01:12Z,Sunny Mod ☀️,like,+1 (stream total 4601)
2026-05-20T20:01:18Z,Stefan K.,follow,
2026-05-20T20:01:24Z,Team Captain 🛡️,like,+1 (stream total 4602)
2026-05-20T20:01:32Z,Sunny Mod ☀️,like,+7 (stream total 4609)
2026-05-20T20:01:35Z,Kris,like,+1 (stream total 4610)
2026-05-20T20:01:37Z,Dark Wolf 🐺,join,
2026-05-20T20:01:45Z,Kris,envelope,
2026-05-20T20:01:50Z,Ivan 💎,share,
2026-05-20T20:01:51Z,Dark Wolf 🐺,like,+15 (stream total 4625)
2026-05-20T20:01:57Z,Plamen R.,like,+15 (stream total 4640)
2026-05-20T20:02:03Z,Nina P. 🌸,like,+3 (stream total 4643)
2026-05-20T20:02:07Z,Loyal Regular,like,+1 (stream total 4644)
2026-05-20T20:02:13Z,stream,viewers,326
2026-05-20T20:02:16Z,Plamen R.,join,
2026-05-20T20:02:22Z,Plamen R.,like,+7 (stream total 4651)
2026-05-20T20:02:30Z,Loyal Regular,join,
2026-05-20T20:02:35Z,Dani ❤️,join,
2026-05-20T20:02:43Z,Dark Wolf 🐺,join,
2026-05-20T20:02:48Z,Nina P. 🌸,like,+15 (stream total 4666)
2026-05-20T20:02:56Z,Loyal Regular,like,+7 (stream total 4673)
2026-05-20T20:02:59Z,Stefan K.,envelope,
2026-05-20T20:03:06Z,Georgi V.,join,
2026-05-20T20:03:07Z,Georgi V.,join,
2026-05-20T20:03:08Z,Stefan K.,like,+15 (stream total 4688)
2026-05-20T20:03:11Z,Plamen R.,like,+7 (stream total 4695)
2026-05-20T20:03:14Z,Ivan 💎,follow,
2026-05-20T20:03:17Z,Dark Wolf 🐺,like,+15 (stream total 4710)
2026-05-20T20:03:21Z,Ivan 💎,like,+15 (stream total 4725)
2026-05-20T20:03:25Z,Dark Wolf 🐺,join,
2026-05-20T20:03:32Z,Dark Wolf 🐺,like,+1 (stream total 4726)
2026-05-20T20:03:34Z,Nina P. 🌸,join,
2026-05-20T20:03:36Z,stream,viewers,326
2026-05-20T20:03:42Z,Plamen R.,like,+15 (stream total 4741)
2026-05-20T20:03:49Z,Kris,follow,
2026-05-20T20:03:53Z,Nina P. 🌸,like,+7 (stream total 4748)
2026-05-20T20:04:00Z,Dark Wolf 🐺,like,+3 (stream total 4751)
2026-05-20T20:04:06Z,Sunny Mod ☀️,join,
2026-05-20T20:04:11Z,Vili,like,+3 (stream total 4754)
2026-05-20T20:04:14Z,Rositsa 💎,like,+7 (stream total 4761)
2026-05-20T20:04:17Z,stream,viewers,316
2026-05-20T20:04:23Z,Ivan 💎,like,+3 (stream total 4764)
2026-05-20T20:04:26Z,Plamen R.,like,+15 (stream total 4779)
2026-05-20T20:04:34Z,Nina P. 🌸,like,+3 (stream total 4782)
2026-05-20T20:04:40Z,Loyal Regular,like,+15 (stream total 4797)
2026-05-20T20:04:43Z,🎨 MIA 🎨,like,+7 (stream total 4804)
2026-05-20T20:04:44Z,stream,viewers,304
2026-05-20T20:04:47Z,🎨 MIA 🎨,follow,
2026-05-20T20:04:53Z,🎨 MIA 🎨,like,+15 (stream total 4819)
2026-05-20T20:05:00Z,Dark Wolf 🐺,like,+15 (stream total 4834)
2026-05-20T20:05:07Z,Rositsa 💎,follow,
2026-05-20T20:05:08Z,Stefan K.,join,
2026-05-20T20:05:09Z,Dani ❤️,like,+15 (stream total 4849)
2026-05-20T20:05:13Z,Team Captain 🛡️,join,
2026-05-20T20:05:15Z,Nina P. 🌸,join,
2026-05-20T20:05:21Z,Georgi V.,like,+1 (stream total 4850)
2026-05-20T20:05:29Z,Dani ❤️,envelope,
2026-05-20T20:05:36Z,Stefan K.,like,+15 (stream total 4865)
2026-05-20T20:05:39Z,Dani ❤️,join,
2026-05-20T20:05:41Z,Ivan 💎,like,+15 (stream total 4880)
2026-05-20T20:05:43Z,Stefan K.,like,+3 (stream total 4883)
2026-05-20T20:05:45Z,🎨 MIA 🎨,like,+1 (stream total 4884)
2026-05-20T20:05:50Z,Nina P. 🌸,like,+3 (stream total 4887)
2026-05-20T20:05:51Z,Dani ❤️,like,+7 (stream total 4894)
2026-05-20T20:05:56Z,Team Captain 🛡️,like,+1 (stream total 4895)
2026-05-20T20:06:04Z,Dani ❤️,like,+7 (stream total 4902)
2026-05-20T20:06:11Z,Ivan 💎,envelope,
2026-05-20T20:06:16Z,Dark Wolf 🐺,like,+15 (stream total 4917)
2026-05-20T20:06:23Z,🎨 MIA 🎨,like,+15 (stream total 4932)
2026-05-20T20:06:30Z,Loyal Regular,follow,
2026-05-20T20:06:33Z,Sunny Mod ☀️,follow,
2026-05-20T20:07:03Z,stream,live_end,
