time,username,message
2026-05-20T19:00:13Z,🎨 MIA 🎨,здравейте всички 👋
2026-05-20T19:00:18Z,Ivan 💎,браво!
2026-05-20T19:00:39Z,Nina P. 🌸,🔥🔥🔥
2026-05-20T19:00:43Z,Georgi V.,много хубава песен
2026-05-20T19:00:53Z,Georgi V.,здравейте всички 👋
2026-05-20T19:01:14Z,Georgi V.,супер си
2026-05-20T19:01:37Z,Plamen R.,добър вечер
2026-05-20T19:01:58Z,Kris,[gift] Heart Me x1
2026-05-20T19:02:18Z,Ivan 💎,❤️❤️❤️
2026-05-20T19:02:25Z,Dani ❤️,как си тази вечер
2026-05-20T19:02:45Z,Ivan 💎,много хубава песен
2026-05-20T19:03:06Z,Plamen R.,браво!
2026-05-20T19:03:12Z,Dani ❤️,добър вечер
2026-05-20T19:03:16Z,Plamen R.,супер си
2026-05-20T19:03:36Z,Kris,пусни нещо по-весело
2026-05-20T19:03:57Z,Rositsa 💎,как си тази вечер
2026-05-20T19:04:07Z,Loyal Regular,аз съм нов тук
2026-05-20T19:04:17Z,Georgi V.,[emoji]
2026-05-20T19:04:35Z,Rositsa 💎,пусни нещо по-весело
2026-05-20T19:04:47Z,Plamen R.,много хубава песен
2026-05-20T19:05:06Z,Kris,браво!
2026-05-20T19:05:13Z,Rositsa 💎,здравейте всички 👋
2026-05-20T19:05:37Z,Georgi V.,добър вечер
2026-05-20T19:05:50Z,Dark Wolf 🐺,добър вечер
2026-05-20T19:06:08Z,Plamen R.,много хубава песен
2026-05-20T19:06:13Z,Elena M. 💫,супер си
2026-05-20T19:06:18Z,Nina P. 🌸,как си тази вечер
2026-05-20T19:06:41Z,Plamen R.,поздрави и от мен
2026-05-20T19:06:58Z,Elena M. 💫,💗
2026-05-20T19:07:22Z,Dark Wolf 🐺,[gift] TikTok x5
2026-05-20T19:07:30Z,Plamen R.,здравейте всички 👋
2026-05-20T19:07:39Z,Loyal Regular,🎶
2026-05-20T19:07:49Z,Kris,поздрави и от мен
2026-05-20T19:08:07Z,Georgi V.,❤️❤️❤️
2026-05-20T19:08:27Z,Elena M. 💫,поздрави и от мен
2026-05-20T19:08:43Z,Ivan 💎,🎶
2026-05-20T19:08:59Z,Dark Wolf 🐺,❤️❤️❤️
2026-05-20T19:09:09Z,🎨 MIA 🎨,поздрави от Варна
2026-05-20T19:09:19Z,Sunny Mod ☀️,пусни нещо по-весело
2026-05-20T19:09:40Z,🎨 MIA 🎨,здравейте всички 👋
2026-05-20T19:09:47Z,Kris,добър вечер
2026-05-20T19:10:08Z,Dark Wolf 🐺,🎶
2026-05-20T19:10:27Z,Plamen R.,🎶
2026-05-20T19:10:31Z,Vili,аз съм нов тук
2026-05-20T19:10:55Z,Loyal Regular,❤️❤️❤️
2026-05-20T19:11:10Z,Kris,супер си
2026-05-20T19:11:25Z,Nina P. 🌸,🔥🔥🔥
2026-05-20T19:11:42Z,🎨 MIA 🎨,добър вечер
2026-05-20T19:11:46Z,Georgi V.,[gift] Heart Me x1
2026-05-20T19:12:00Z,Plamen R.,[gift] Heart Me x10
2026-05-20T19:12:07Z,Sunny Mod ☀️,браво!
2026-05-20T19:12:29Z,Dark Wolf 🐺,много хубава песен
2026-05-20T19:12:47Z,Vili,как си тази вечер
2026-05-20T19:12:52Z,🎨 MIA 🎨,браво!
2026-05-20T19:13:03Z,Vili,поздрави от Варна
2026-05-20T19:13:22Z,Nina P. 🌸,[emoji]
2026-05-20T19:13:36Z,🎨 MIA 🎨,💗
2026-05-20T19:13:39Z,Loyal Regular,супер си
2026-05-20T19:13:44Z,Team Captain 🛡️,[emoji]
2026-05-20T19:13:58Z,Rositsa 💎,аз съм нов тук
2026-05-20T19:14:08Z,Dani ❤️,[emoji]
2026-05-20T19:14:21Z,Sunny Mod ☀️,аз съм нов тук
2026-05-20T19:14:30Z,Loyal Regular,❤️❤️❤️
2026-05-20T19:14:40Z,Stefan K.,браво!
2026-05-20T19:14:43Z,Nina P. 🌸,пусни нещо по-весело
2026-05-20T19:14:54Z,Stefan K.,браво!
2026-05-20T19:15:11Z,Loyal Regular,браво!
2026-05-20T19:15:25Z,Georgi V.,🔥🔥🔥
2026-05-20T19:15:43Z,Stefan K.,пусни нещо по-весело
2026-05-20T19:16:05Z,Rositsa 💎,здравейте всички 👋
2026-05-20T19:16:23Z,Rositsa 💎,аз съм нов тук
2026-05-20T19:16:46Z,Georgi V.,много хубава песен
2026-05-20T19:17:01Z,Loyal Regular,🔥🔥🔥
2026-05-20T19:17:19Z,Rositsa 💎,аз съм нов тук
2026-05-20T19:17:42Z,Dark Wolf 🐺,🎶
2026-05-20T19:17:57Z,Vili,много хубава песен
2026-05-20T19:18:05Z,🎨 MIA 🎨,здравейте всички 👋
2026-05-20T19:18:12Z,Plamen R.,аз съм нов тук
2026-05-20T19:18:35Z,🎨 MIA 🎨,добър вечер
2026-05-20T19:18:53Z,Sunny Mod ☀️,поздрави от Варна
2026-05-20T19:19:13Z,Dani ❤️,здравейте всички 👋
2026-05-20T19:19:36Z,Georgi V.,💗
2026-05-20T19:19:43Z,Kris,🔥🔥🔥
2026-05-20T19:19:52Z,Nina P. 🌸,как си тази вечер
2026-05-20T19:20:11Z,Stefan K.,браво!
2026-05-20T19:20:22Z,Dani ❤️,поздрави от Варна
2026-05-20T19:20:26Z,Rositsa 💎,💗
2026-05-20T19:20:43Z,Sunny Mod ☀️,💗
2026-05-20T19:21:02Z,Kris,💗
2026-05-20T19:21:21Z,🎨 MIA 🎨,[emoji]
2026-05-20T19:21:40Z,Nina P. 🌸,аз съм нов тук
2026-05-20T19:21:48Z,Plamen R.,[gift] Heart Me x1
2026-05-20T19:21:55Z,Vili,много хубава песен
2026-05-20T19:22:15Z,Nina P. 🌸,[emoji]
2026-05-20T19:22:34Z,Dani ❤️,аз съм нов тук
2026-05-20T19:22:40Z,Rositsa 💎,🔥🔥🔥
2026-05-20T19:22:49Z,Elena M. 💫,[gift] Rose x10
2026-05-20T19:23:09Z,Nina P. 🌸,💗
2026-05-20T19:23:14Z,Vili,[emoji]
2026-05-20T19:23:36Z,Dani ❤️,как си тази вечер
2026-05-20T19:23:53Z,Dani ❤️,пусни нещо по-весело
2026-05-20T19:24:12Z,Stefan K.,💗
2026-05-20T19:24:23Z,Rositsa 💎,🔥🔥🔥
2026-05-20T19:24:40Z,🎨 MIA 🎨,❤️❤️❤️
2026-05-20T19:24:57Z,Dark Wolf 🐺,[gift] Heart Me x10
2026-05-20T19:25:02Z,Stefan K.,аз съм нов тук
2026-05-20T19:25:08Z,Rositsa 💎,🎶
2026-05-20T19:25:31Z,Sunny Mod ☀️,как си тази вечер
2026-05-20T19:25:38Z,Vili,много хубава песен
2026-05-20T19:25:53Z,Rositsa 💎,супер си
2026-05-20T19:26:03Z,🎨 MIA 🎨,[emoji]
2026-05-20T19:26:18Z,Dark Wolf 🐺,браво!
2026-05-20T19:26:31Z,Georgi V.,здравейте всички 👋
2026-05-20T19:26:44Z,Dani ❤️,🎶
2026-05-20T19:26:47Z,Kris,добър вечер
2026-05-20T19:26:59Z,Dani ❤️,много хубава песен
2026-05-20T19:27:09Z,Rositsa 💎,как си тази вечер
2026-05-20T19:27:20Z,Nina P. 🌸,поздрави от Варна
2026-05-20T19:27:31Z,Loyal Regular,❤️❤️❤️
2026-05-20T19:27:55Z,Ivan 💎,❤️❤️❤️
